{
    "dockerComposeFile": "docker-compose.yml",
    "workspaceFolder": "/workspace",
    "service": "httpd",
    "remoteUser": "vscode",
    "forwardPorts": [
        1560,
        1561,
        1562
    ],
    "customizations": {
        "vscode": {
            "extensions": [
                "ms-python.python",
                "ms-python.vscode-pylance",
                "ms-python.black-formatter",
                "GitHub.vscode-pull-request-github",
                "angular.ng-template",
                "matthewpi.caddyfile-support",
                "dbaeumer.vscode-eslint",
                "esbenp.prettier-vscode",
                "ckolkman.vscode-postgres"
            ],
            "settings": {
                "editor.formatOnSave": true,
                "editor.formatOnSaveMode": "file",
                "[typescript]": {
                    "editor.defaultFormatter": "esbenp.prettier-vscode"
                },
                "[javascript]": {
                    "editor.defaultFormatter": "esbenp.prettier-vscode"
                },
                "[python]": {
                    "editor.defaultFormatter": "ms-python.black-formatter"
                },
                "python.analysis.extraPaths": [
                    "/backend/"
                ],
                "python.testing.pytestEnabled": true,
                "python.testing.unittestEnabled": false,
                "python.analysis.diagnosticSeverityOverrides": {
                    "reportMissingParameterType": "error",
                    "reportGeneralTypeIssues": "error",
                    "reportDeprecated": "error",
                    "reportImportCycles": "error"
                }
            }
        }
    }
}